MORE:Ranker,MOGONET:Ranker,shap,lime,t_test,randomforest_feature_importance,xgb_feature_importance,rf_permutation_feature_importance,xgb_permutation_feature_importance,lasso,ridge,elasticnet,boruta,mannwhitneyu,svm_rfe,mean_rank,min_rank,median_rank,rra_rank,geom.mean_rank,stuart_rank,mra_rank,mean_weight,max_weight,median_weight,geom.mean_weight,ta_weight
RSPO3,ACTN1,NTN5,ARHGAP35,ARSK,ARHGAP35,ARHGAP35,RPRM,MRPS6,SLC38A2,NTN5,NTN5,ACTN1,ARHGAP35,ARSK,ARHGAP35,NTN5,ARHGAP35,ARHGAP35,ARHGAP35,ARHGAP35,ARHGAP35,ARHGAP35,ARSK,ARHGAP35,ARHGAP35,ARHGAP35
MC4R,PAN3-AS1,ARHGAP35,PLPBP,ARHGAP35,GOLPH3,NCKAP1,ARHGAP35,NTN5,RAP1GAP2,RPRM,PLPBP,ADCY9,ARSK,ARHGAP35,NTN5,SLC38A2,NTN5,NTN5,NTN5,NTN5,NTN5,NTN5,RHOT1,NTN5,RPRM,NTN5
NPY1R,PDS5A,ANKRD11,XPA,MLLT3,FAM53C,TOM1L1,RALBP1,PRICKLE2,NTN5,PLPBP,SLC38A2,AHSA1,MLLT3,MLLT3,CIRBP,ACTN1,SLC38A2,CIRBP,RPRM,CIRBP,PLPBP,RPRM,ST7-AS1,SLC38A2,NTN5,RPRM
PPP6R1,PFKP,MARK4,PPP6R1,OTUD4,MAST2,BRD9,YY1,MC4R,MARK4,C9orf40,RPRM,ANKMY1,CIRBP,OTUD4,XPA,ARSK,RPRM,SLC38A2,PPP6R1,RPRM,PPP6R1,SLC38A2,PRKAB1,RPRM,SLC38A2,SLC38A2
PPID,PGBD5,TBCK,FAM171A2,PPP6R1,CIRBP,PNRC2,DUSP19,NSMCE3,PLPBP,KCNK2,GOLPH3L,ANKRD11,PPP6R1,PPP6R1,PRKAB1,RPRM,PPP6R1,RPRM,CIRBP,PPP6R1,RPRM,PLPBP,CACNA1H,MARK4,PLPBP,PLPBP
TNPO3,PHF23,PLPBP,LINC-PINT,LINC02607,CDC6,MRPS6,PPP6R1,ARHGAP35,RPRM,GOLPH3L,C9orf40,ANKRD52,OTUD4,LINC02607,PPP6R1,MRPS6,PLPBP,MIOS-DT,SLC38A2,SLC38A2,CIRBP,ANKRD11,CHIC2,PLPBP,PRKAB1,ANKRD11
RIC8B,PIK3R2,PRKAB1,LINC01102,ARMCX2,FILIP1L,NSMCE3,LINC02607,XPA,SIMC1,SLC38A2,KCNK2,AP1M1,NTN5,ARMCX2,PNPLA6,ARHGAP35,PRKAB1,PPP6R1,PLPBP,XPA,GOLPH3L,PRKAB1,XPA,PRKAB1,XPA,PRKAB1
ARHGAP35,PIP5K1C,RPRM,MAFG,CIRBP,PRKAB1,CRKL,ARMCX2,MLLT3,GOLPH3L,UBE2Q1,MARK4,APOM,CSNK2A2,CIRBP,MIOS-DT,PLPBP,XPA,PLPBP,XPA,PLPBP,MARK4,MARK4,SLC38A2,ANKRD52,TBCK,XPA
SEPTIN7-DT,PLPBP,GID4,RPRM,GNPNAT1,CHIC2,RSPO3,CIRBP,LINC02607,C9orf40,PRKAB1,TBCK,ARG2,STAU1,GNPNAT1,ANKRD11,NCKAP1,GID4,XPA,ARSK,PRKAB1,LINC02607,TBCK,ZMAT1,ANKRD11,ANKRD11,KCNK2
CBL,PMPCB,PRICKLE2,LOC105376654,CEP19,LOC105376654,YY1,GNPNAT1,PPP6R1,ARHGAP35,MARK4,RAP1GAP2,ARHGAP19-SLIT1,LINC02607,CEP19,SLC38A2,ADCY9,CIRBP,PNPLA6,ANKRD11,ANKRD11,SLC38A2,XPA,MIOS-DT,UNC5A,MARK4,MARK4
CSNK2A2,PNPLA6,XPA,PNRC2,CSNK2A2,NTN5,HEXIM1,CEP19,OTUD4,LINC00467,ANKRD52,ARHGAP35,ARHGAP35,GID4,CSNK2A2,RPRM,GOLPH3,ARSK,TBCK,PRKAB1,ARSK,TBCK,KCNK2,AHSA1,SIMC1,CIRBP,TBCK
TMEM147-AS1,PNRC2,SLC38A2,XPO7,STAU1,ING1,TBCK,CSNK2A2,ASB16-AS1,TBCK,NMT1,SIMC1,ARL10,DUSP19,STAU1,TBCK,RAP1GAP2,OTUD4,PRKAB1,TBCK,MIOS-DT,XPA,GOLPH3L,FAM171A2,TBCK,KCNK2,ANKRD52
RPRM,POLG,NPY1R,SLC38A2,FAM171A2,GID4,XPA,STAU1,PHF23,ANKRD11,KLHL29,ANKRD11,ARMC9,GNPNAT1,FAM171A2,OTUD4,PPP6R1,MIOS-DT,ANKRD11,OTUD4,TBCK,ANKRD11,ANKRD52,MLLT3,GOLPH3L,LINC-PINT,GOLPH3L
INKA2,PPID,NSMCE3,ARSK,RHOT1,SLC38A2,NHSL3,FAM171A2,MAFG,KCNK2,TBCK,ANKRD52,ARMCX2,FAM53C,RHOT1,PFKP,SIMC1,ANKRD11,PFKP,MARK4,PNPLA6,ARSK,MIOS-DT,STAU1,UBE2Q1,PNPLA6,MIOS-DT
CRKL,PPP6R1,KCNK2,PIP5K1C,DUSP19,ST7-AS1,OTUD4,RHOT1,SAMTOR,PRKAB1,ATP1B3,UBE2Q1,ARSK,ASB16-AS1,DUSP19,ARSK,FAM53C,PNPLA6,GOLPH3,LINC02607,OTUD4,KCNK2,PNPLA6,CSNK2A2,KCNK2,UNC5A,PNPLA6
ARG2,PRICKLE2,KHDRBS3,RFX3-DT,PIK3R2,MAFG,LINC-PINT,CMTM4,GNPNAT1,XPA,UNC5A,PRKAB1,ASB16-AS1,KLHL1,PIK3R2,LINC02607,RALBP1,MAFG,ARSK,KCNK2,LINC02607,ANKRD52,SIMC1,MAST2,MIOS-DT,PFKP,SIMC1
ANKMY1,PRKAB1,SNX16,CIRBP,CMTM4,RSPO3,TTBK1,PIK3R2,ARMCX2,MIOS-DT,SIMC1,LINC00467,ATP1B3,CMTM4,CMTM4,GOLPH3,TOM1L1,LINC-PINT,GID4,PNPLA6,GOLPH3,CSNK2A2,CIRBP,GOLPH3L,SAP130,YY1,CIRBP
KIF3C,RABIF,MC4R,RN7SL832P,GID4,SNX27,RPRM,MLLT3,RHOT1,ANKRD52,CRKL,UNC5A,BAG2,FPGS,GID4,UNC5A,MLLT3,SIMC1,OTUD4,MIOS-DT,MARK4,OTUD4,SLC5A3,FGFR1OP2,PNPLA6,GOLPH3L,SLC5A3
MIOS-DT,RALBP1,MRPS6,ZNF662,YARS2,ARSK,POLG,GID4,CEP19,UBE2Q1,ARHGAP35,NMT1,BICD2,ING1,YARS2,KCNK2,AHSA1,KCNK2,KLHL1,GID4,PFKP,PRKAB1,UNC5A,MAFG,XPA,LINC00467,UNC5A
ING1,RANBP9,ZMAT1,NPY1R,ACTN1,PPP6R1,RNF31,YARS2,CSNK2A2,PNPLA6,LINC00467,KLHL29,BLTP2,MIOS-DT,ACTN1,PLPBP,XPA,TBCK,UNC5A,ANKRD52,GID4,GNPNAT1,PPP6R1,CIRBP,FAM53C,C9orf40,PPP6R1
FGFR1OP2,RAP1GAP2,CCT2,CCT2,TMEM147-AS1,STAU1,PLPBP,ACTN1,STAU1,NMT1,RAP1GAP2,MIOS-DT,BRD9,RHOT1,TMEM147-AS1,GID4,PRICKLE2,FAM171A2,KCNK2,GOLPH3,KCNK2,FAM171A2,UBAP1,GOLPH3,MBD1,KLHL1,UBAP1
CELF4,RAPGEF1,BRD9,FAM53C,RABIF,NSMCE3,GPR199P,TMEM147-AS1,PARLP2,CDC6,MBD1,SAP130,BRPF3,C19orf48P,RABIF,YY1,ANKRD11,MARK4,MARK4,SIMC1,UNC5A,SIMC1,CDC6,ADCY9,CIRBP,GOLPH3,CDC6
TOP1,RFX3-DT,C9orf40,FILIP1L,PFKP,LINC02607,PRKAB1,RABIF,DUSP19,KLHL29,ANKRD11,PNPLA6,BSN,CEP19,PFKP,ING1,MAST2,UNC5A,GOLPH3L,FAM171A2,ANKRD52,GID4,UBE2Q1,OTUD4,SLC5A3,KLHL29,UBE2Q1
ACTN1,PARLP2,LINC-PINT,IRF2-DT,NUDT9,LINC01102,NUDT9,PFKP,PIK3R2,UNC5A,SLC5A3,XPA,C19orf48P,ARMCX2,NUDT9,RHOT1,MARK4,GOLPH3,LINC02607,MLLT3,SIMC1,MLLT3,SAP130,ACTN1,LINC-PINT,KIF3C,SAP130
SLC35F3,OTUD4,ARSK,TFE3,PHF23,TOM1L1,UNC5A,KIF3C,CMTM4,SLC5A3,MIOS-DT,SAMTOR,C1orf52,YY1,PHF23,CRKL,YY1,RHOT1,CRKL,GOLPH3L,YY1,C9orf40,MC4R,GID4,CDC6,ZMAT1,MC4R
YARS2,RIC8B,UNC5A,MARK4,ADCY9,MBOAT7,GID4,PNPLA6,YARS2,HUS1,PNPLA6,MBD1,C9orf40,FAM171A2,ADCY9,MARK4,MC4R,LINC02607,ANKRD52,YY1,FAM171A2,STAU1,C9orf40,PPP6R1,RAP1GAP2,GID4,C9orf40
CNOT4,ORAI2,FILIP1L,RNF31,MAFG,XPA,NPY1R,OTUD4,ACTN1,KIF3C,SAP130,CIRBP,CACNA1H,S100B,MAFG,ANKRD52,OTUD4,YY1,SLC5A3,UNC5A,GOLPH3L,RAP1GAP2,ZMAT1,LINC02607,CCDC191,CRKL,ZMAT1
ZNF596,MC4R,SAMTOR,ING1,KLHL1,ORAI2,ZMAT1,PHF23,TMEM147-AS1,NPEPPS,SAMTOR,ATP1B3,CACYBP,ORAI2,KLHL1,FAM171A2,CIRBP,KLHL1,RN7SL832P,NSMCE3,CRKL,RHOT1,LINC-PINT,SNX27,PPP6R1,MC4R,LINC-PINT
USP35,MED21,RNF31,SNX16,ASB16-AS1,ZNF662,KLHL29,NUDT9,C19orf48P,PFKP,FAM220A,SLC5A3,CBL,CHIC2,ASB16-AS1,CDC6,C9orf40,SNX27,LINC-PINT,GNPNAT1,MLLT3,FAM53C,RAP1GAP2,ASB16-AS1,UBAP1,TTBK1,RAP1GAP2
NPEPPS,MIOS-DT,PNRC2,ARMC9,CCT5,AHSA1,PFKP,EFNB2,MON1A,FAM220A,RAPGEF1,CEP76,CCDC127,ADCY9,CCT5,SLC5A3,BRD9,PFKP,MAFG,CSNK2A2,RHOT1,NSMCE3,OTUD4,CBL,SAMTOR,HECA,OTUD4
DRD1,MIRLET7IHG,KLHL29,PRKAB1,TCF20,GPR199P,NTN5,CCT5,PNPLA6,CIRBP,UBAP1,CDC6,CCDC191,PIK3R2,TCF20,ZMAT1,PNPLA6,LOC105376654,HECA,RHOT1,ING1,LINC00467,GID4,LOC105376654,CEP76,RN7SL832P,GID4
HTR1E,MLLT3,CZIB,CHIC2,MAST2,OTUD4,ARSK,TCF20,MIOS-DT,FGFR1OP2,CCDC191,CCDC191,CCT2,AHSA1,MAST2,SIMC1,PNRC2,ZMAT1,CDC6,PFKP,MC4R,DUSP19,LINC02607,SIMC1,YARS2,DRD1,LINC02607
LINC01102,MON1A,CTNND2,RHOT1,ING1,LINC-PINT,CIRBP,MAST2,RALBP1,MSL1,CIRBP,LINC-PINT,CCT5,CCT5,ING1,MC4R,FAM171A2,HUS1,ZMAT1,LINC-PINT,STAU1,KLHL29,CRKL,TTBK1,PFKP,TOM1L1,CRKL
KLHL1,MRPS6,DRD1,ANKRD11,CNOT4,RFX3-DT,PDS5A,ING1,ZMAT1,SAP130,LINC-PINT,KCMF1,CCT8,TMEM147-AS1,CNOT4,GNPNAT1,DUSP19,CRKL,EFNB2,STAU1,ACTN1,CEP19,HUS1,KLHL1,RAPGEF1,TNPO3,HUS1
PNPLA6,MSL1,ORAI2,SIMC1,SNX27,FAM171A2,SLC38A2,CNOT4,ARSK,KCMF1,XPA,UBAP1,CDC6,MAFG,SNX27,LINC-PINT,GOLPH3L,CBL,CSNK2A2,MC4R,GNPNAT1,ARMCX2,GOLPH3,RAPGEF1,FAM220A,TFE3,FAM53C
GPR63,NCAM1-AS2,YY1,LINC00467,GOLPH3,BAG2,MC4R,SNX27,FGFR1OP2,KLHL1,KCMF1,YARS2,CDK8,SNTB2,GOLPH3,MAST2,TBCK,NSMCE3,SIMC1,ACTN1,MAST2,UNC5A,FAM53C,PLPBP,LINC00467,OTUD4,GNPNAT1
CCT2,NCKAP1,TNPO3,MIOS-DT,LRRC57,LRRN2,HECA,GOLPH3,CCT5,ARHGAP19-SLIT1,RANBP9,PFKP,CELF4,NUDT9,LRRC57,NSMCE3,KCNK2,UBAP1,MC4R,ING1,CDC6,CMTM4,GNPNAT1,FILIP1L,RALBP1,CZIB,PFKP
MBOAT7,NHSL3,RN7SL832P,YY1,LOC105376654,RPRM,KIF3C,MAFG,TCF20,LINC-PINT,KHDRBS3,RAPGEF1,CEP19,ACTN1,LOC105376654,RN7SL832P,ANKRD52,MAST2,STAU1,CDC6,LINC-PINT,MIOS-DT,PFKP,NSMCE3,ARHGAP19-SLIT1,PDS5A,GOLPH3
PARLP2,NIM1K,NCKAP1,POLG,EFNB2,RNF31,DRD1,LRRC57,MAST2,GOLPH3,DRD1,FAM220A,CEP76,PHF23,EFNB2,KLHL1,NSMCE3,ANKRD52,KLHL29,MAFG,CSNK2A2,PNPLA6,RAPGEF1,FAM53C,NPEPPS,CEP76,RAPGEF1
DNAJB6,NMT1,ASB16-AS1,TMEM123-DT,SIMC1,SLC5A3,TFE3,SIMC1,ING1,CCDC191,ARHGAP19-SLIT1,KIF3C,CGGBP1,TMEM123-DT,SIMC1,CHIC2,LINC02607,ING1,FAM171A2,BRD9,SLC5A3,FILIP1L,RSPO3,NPY1R,LOC105376654,CHIC2,RSPO3
RALBP1,NPAS2,PDS5A,CDC6,CRKL,PLPBP,USP35,ORAI2,CNOT4,CHIC2,CEP76,ARHGAP19-SLIT1,CHD3,MAST2,CRKL,STAU1,CDC6,MLLT3,ING1,CRKL,ZMAT1,MAFG,LINC00467,CTNND2,GID4,KHDRBS3,LINC00467
SMIM14-DT,NPEPPS,CEP19,BRD9,CBL,UBAP1,LRRN2,CRKL,SNX27,RN7SL832P,ZMAT1,DRD1,CHIC2,SLC5A3,CBL,UBAP1,LINC-PINT,ADCY9,YY1,MAST2,NSMCE3,ACTN1,ING1,KCNK2,DRD1,SIRT4,ING1
LINC02607,NPY1R,TFE3,MBD1,NCAM1-AS2,CCT2,ANKRD11,CBL,LRRC57,TNPO3,MSL1,FGFR1OP2,CIRBP,RABIF,NCAM1-AS2,CSNK2A2,UBAP1,SLC5A3,PARLP2,C9orf40,RN7SL832P,SAMTOR,FAM171A2,ANKRD52,TOM1L1,CNOT4,CHIC2
CACNA1H,NSMCE3,HECA,TNPO3,SNTB2,BRD9,KCNK2,NCAM1-AS2,LOC105376654,KHDRBS3,NHSL3,FOXK2,CLCN6,MC4R,SNTB2,LOC105376654,ARMCX2,RN7SL832P,HUS1,FAM53C,KLHL1,ASB16-AS1,CHIC2,BRD9,RSPO3,SENP3,ARSK
OTUD4,NT5C,PNPLA6,SIRT4,BRPF3,TBCK,INKA2,SNTB2,EFNB2,ZNF596,KLHL1,NPEPPS,CMTM4,FILIP1L,BRPF3,HUS1,FILIP1L,GOLPH3L,C9orf40,DUSP19,MAFG,NMT1,ARSK,ANKRD11,ARSK,TTC23-AS1,MAST2
DYNLL1,NTN5,CELF4,UHMK1,UNC5A,BSN,MARK4,BRPF3,CRKL,SIRT4,TTBK1,FAM171A2,CNOT4,SNX27,UNC5A,GOLPH3L,LINC01102,GNPNAT1,MLLT3,MRPS6,LOC105376654,PFKP,MAST2,ARHGAP35,ZMAT1,SAMTOR,FAM171A2
MON1A,NUDT9,CBL,ADCY9,MON1A,FPGS,SIRT4,UNC5A,NCAM1-AS2,NHSL3,YARS2,GOLPH3,CREB3L4,RAPGEF1,MON1A,BRD9,PRKAB1,C19orf48P,RHOT1,CHIC2,HECA,CDC6,BRD9,UHMK1,FAM171A2,CELF4,BRD9
GOLPH3L,NUS1,CIRBP,BSN,MIOS-DT,RAPGEF1,SENP3,MON1A,SNTB2,ST7-AS1,RFX3-DT,MSL1,CRKL,GOLPH3,MIOS-DT,TMEM147-AS1,CRKL,CDC6,GNPNAT1,LOC105376654,C9orf40,PIK3R2,KLHL1,TBCK,XPO7,MIOS-DT,RHOT1
ARL10,RHOT1,SIRT4,TRIO,PNPLA6,UHMK1,RN7SL832P,LOC105376654,BRPF3,CEP76,GNPNAT1,CZIB,CSNK2A2,MRPS6,PNPLA6,MLLT3,ASB16-AS1,TNPO3,UBAP1,KLHL1,MRPS6,MC4R,RHOT1,UBAP1,NCKAP1,SIMC1,RN7SL832P
TRIO,RN7SL832P,CNOT4,S100B,PARLP2,MIOS-DT,FILIP1L,ADCY9,UNC5A,IRF2-DT,BSN,TTBK1,CTNND2,IRF2-DT,PARLP2,SAP130,MAFG,CHIC2,CTNND2,SLC5A3,ADCY9,CHIC2,RN7SL832P,HUS1,NMT1,SEPTIN7-DT,HECA
SAP130,ADCY9,HEXIM1,HECA,ORAI2,KLHL1,GOLPH3L,MIOS-DT,PFKP,CREB3L4,HUS1,ZMAT1,CZIB,CBL,ORAI2,CNOT4,UBE2Q1,RAPGEF1,MAST2,CEP19,PARLP2,NPY1R,HECA,YY1,RFX3-DT,ANKRD52,YY1
BAG2,TMEM123-DT,MLLT3,NSMCE3,C19orf48P,ADCY9,LRRC57,H2AZ1,RABIF,INKA2,RHOT1,RANBP9,DCST2,NCAM1-AS2,C19orf48P,CCDC191,CSNK2A2,CSNK2A2,AHSA1,ADCY9,CHIC2,ING1,YY1,NTN5,MC4R,CDC6,TMEM147-AS1
CEP19,TMEM243,TOM1L1,CSNK2A2,NTN5,KCNK2,PARLP2,ANKRD52,AHSA1,PGBD5,FAM53C,KHDRBS3,DNAJB6,CNOT4,NTN5,PARLP2,RSPO3,LRRN2,TCF20,UBAP1,UBAP1,LINC-PINT,TMEM147-AS1,ORAI2,C9orf40,SLC5A3,NSMCE3
CLCN6,TNPO3,CEP76,LRRN2,CCDC191,YY1,KLHL1,CCT2,NUDT9,CDK8,HECA,HUS1,DNAJC27-AS1,DNAJB6,CCDC191,MAFG,CHIC2,BRD9,NSMCE3,FILIP1L,HUS1,MAST2,NSMCE3,PNPLA6,BRD9,SAP130,SNX27
PMPCB,TOM1L1,GPR63,CCDC127,SRRM2-AS1,PFKP,SNTB2,C19orf48P,SAP130,TMEM123-DT,FAM171A2,TMEM147-AS1,DRD1,HUS1,SRRM2-AS1,CCT2,GID4,CCT2,CNOT4,ASB16-AS1,BRD9,TMEM147-AS1,MBD1,RSPO3,GOLPH3,BRD9,MBD1
ARMCX2,TOP1,PPP6R1,GOLPH3,YY1,ZMAT1,PNPLA6,NTN5,NPY1R,CZIB,CZIB,KLHL1,DUSP19,LOC105376654,YY1,SNX27,STAU1,CEP19,CBL,ZMAT1,DUSP19,ORAI2,SNX27,MC4R,MSL1,RSPO3,SAMTOR
TFE3,TRAPPC6A,RSPO3,AHSA1,HUS1,TMEM243,CELF4,CCDC191,H2AZ1,ARG2,TMEM147-AS1,SENP3,DYNLL1,PFKP,HUS1,ACTN1,GNPNAT1,LINC00467,SAP130,LINC00467,RALBP1,YY1,SAMTOR,SNTB2,RN7SL832P,NSMCE3,TTBK1
NIM1K,TRIM45,GOLPH3,BICD2,CGGBP1,SNX16,TNPO3,SRRM2-AS1,HUS1,MBD1,H2AZ1,CRKL,EFNB2,PARLP2,CGGBP1,TNPO3,CEP19,SIRT4,TMEM147-AS1,ARMCX2,EFNB2,KLHL1,TTBK1,MARK4,ZNF662,ARSK,KLHL1
ST7-AS1,TRIO,LRRN2,SEPTIN7-DT,UBAP1,CBL,EFNB2,HUS1,CGGBP1,CCT2,ACTN1,FBXO24,ELAVL1,TCF20,UBAP1,HECA,LOC105376654,SNTB2,USP35,KLHL29,CEP19,KCMF1,CZIB,C9orf40,PIP5K1C,UBE2Q1,CCT2
MLLT3,TTBK1,ARG2,MAST2,LINC03072,MARK4,CBL,CGGBP1,UBAP1,PNRC2,ANKMY1,NSMCE3,FAM171A2,PRKAB1,LINC03072,YARS2,CACNA1H,SNX16,RAP1GAP2,RN7SL832P,TMEM147-AS1,YARS2,CCT2,KLHL29,CZIB,RNF31,CTNND2
H2AZ1,TTLL3,KIF3C,AP1M1,TRIO,ANKRD11,KHDRBS3,UBAP1,LINC03072,C1orf52,TNPO3,RHOT1,FAM220A,YARS2,TRIO,ADCY9,HEXIM1,KLHL29,SNX27,TMEM147-AS1,ASB16-AS1,UBE2Q1,CTNND2,KCMF1,CCT2,RAP1GAP2,STAU1
NPAS2,UBAP1,PFKP,ANKRD52,TBCK,NPAS2,C19orf48P,LINC03072,TRIO,DRD1,TFE3,LINC02607,FAM53C,ST7-AS1,TBCK,CEP19,LINC00467,MC4R,YARS2,RAP1GAP2,SNX27,GOLPH3,STAU1,RAP1GAP2,TTBK1,ARHGAP19-SLIT1,UHMK1
TMEM123-DT,UBE2Q1,GOLPH3L,MBOAT7,UHMK1,PNPLA6,PHF23,LRRN2,UHMK1,LINC01102,CDC6,CELF4,FBXO24,SRRM2-AS1,UHMK1,DUSP19,CBL,RSPO3,LOC105376654,YARS2,FAM53C,CCT5,UHMK1,MRPS6,SNX16,FAM220A,ARHGAP19-SLIT1
FAM53C,UHMK1,CACNA1H,RAPGEF1,ANKRD11,PNRC2,MIRLET7IHG,TBCK,PPID,BSN,RN7SL832P,GID4,FGFR1OP2,NIM1K,ANKRD11,FILIP1L,XPO7,CZIB,LINC00467,HUS1,KLHL29,NUDT9,ARHGAP19-SLIT1,HEXIM1,KLHL29,PPP6R1,CCDC191
RN7SL832P,UNC5A,SEPTIN7-DT,PDS5A,PPID,MLLT3,CNOT4,TRIO,MBOAT7,RANBP9,LINC02607,ZNF662,FILIP1L,CTNND2,PPID,RAPGEF1,FGFR1OP2,KIF3C,FAM53C,SNX27,RAP1GAP2,LOC105376654,CCDC191,RPRM,FILIP1L,RALBP1,LOC105376654
NTN5,USP35,TMEM243,NTN5,SLC5A3,DYNLL1,TTC23-AS1,ANKRD11,ADCY9,MIRLET7IHG,BICD2,HECA,FOXK2,RFX3-DT,SLC5A3,TTBK1,NMT1,TFE3,ACTN1,TOM1L1,CCDC191,KIF3C,LOC105376654,ARMCX2,STAU1,CCDC191,S100B
GNPNAT1,XPA,ING1,RALBP1,GOLPH3L,LRRC57,DCST2,PPID,SLC5A3,CCDC127,SIRT4,TTC23-AS1,FPGS,RN7SL832P,GOLPH3L,LINC00467,ING1,PARLP2,CCDC191,UBE2Q1,CNOT4,RNF31,S100B,DUSP19,LINC02607,SNX16,PARLP2
UNC5A,XPO7,C19orf48P,ZMAT1,MBOAT7,GNPNAT1,DUSP19,SLC5A3,SCN3A,BLTP2,SMIM14-DT,BSN,GID4,TRIM45,MBOAT7,ASB16-AS1,PHF23,TTBK1,RALBP1,PNRC2,TOM1L1,DRD1,PARLP2,GNPNAT1,NSMCE3,POLG,SNX16
PIP5K1C,YARS2,CHIC2,TMEM243,SNX16,MIRLET7IHG,CEP76,GOLPH3L,BRD9,DCST2,FGFR1OP2,TNPO3,GNPNAT1,CDC6,SNX16,EFNB2,NPY1R,ORAI2,SRRM2-AS1,SAP130,YARS2,PHF23,SNX16,CEP19,RANBP9,NCKAP1,ACTN1
TTC23-AS1,YY1,LINC00467,CDK8,SCN3A,CSNK2A2,CEP19,MBOAT7,NIM1K,CACNA1H,TRIO,SIRT4,GOLPH3,LRRN2,SCN3A,FAM53C,KLHL29,CTNND2,CHIC2,CCT2,LINC00467,SLC5A3,ACTN1,CMTM4,KHDRBS3,NMT1,YARS2
ARHGAP19-SLIT1,ZMAT1,KLHL1,ATP1B3,BRD9,NPY1R,SNX16,SNX16,LRRN2,BICD2,PPP6R1,GNPNAT1,GOLPH3L,XPA,BRD9,CTNND2,NHSL3,CNOT4,DUSP19,NPY1R,FILIP1L,SAP130,YARS2,FPGS,HUS1,HEXIM1,DRD1
AP1M1,ZNF280B,MIRLET7IHG,INKA2,NIM1K,USP35,C9orf40,SCN3A,CDC6,DNAJC27-AS1,NPEPPS,TFE3,GPR199P,CCDC191,NIM1K,RALBP1,RHOT1,CCDC191,CEP19,RALBP1,SAP130,BRD9,DRD1,ING1,FGFR1OP2,FGFR1OP2,POLG
RABIF,ZNF596,NUDT9,TTBK1,LRRN2,SIMC1,CTNND2,BRD9,TRAPPC6A,GPR199P,FBXO24,PDS5A,GPR63,MIRLET7IHG,LRRN2,TOM1L1,PIP5K1C,SAP130,MRPS6,SAMTOR,CTNND2,UBAP1,POLG,C19orf48P,MAST2,HUS1,NMT1
IRF2-DT,TMEM147-AS1,PARLP2,CEP19,CDC6,SIRT4,LINC00467,UHMK1,ANKRD52,ELAVL1,RSPO3,YY1,H2AZ1,DCST2,CDC6,DRD1,ST7-AS1,NPY1R,LRRN2,RSPO3,TNPO3,CRKL,ATP1B3,S100B,RNF31,FILIP1L,TRIM45
MBD1,TFE3,DCST2,KLHL29,TRAPPC6A,SNTB2,SEPTIN7-DT,AHSA1,SNX16,FBXO24,FOXK2,HTR1E,HECA,CRKL,TRAPPC6A,SNX16,CTNND2,HECA,BRD9,CMTM4,CCT2,SNX27,NMT1,PIK3R2,ING1,PNRC2,CZIB
DCST2,RNF31,SNTB2,PAN3-AS1,ANKRD52,PARLP2,PRICKLE2,NIM1K,CTNND2,CELF4,ZNF662,MC4R,HEXIM1,UNC5A,ANKRD52,NUDT9,SAMTOR,FAM53C,ARMCX2,PHF23,RAPGEF1,ZMAT1,TRIM45,CCT5,OTUD4,CTNND2,RNF31
GOLPH3,TCF20,CRKL,RSPO3,H2AZ1,SENP3,CZIB,CDC6,GPR63,DYNLL1,HTR1E,RFX3-DT,HTR1E,SAMTOR,H2AZ1,CZIB,ATP1B3,UHMK1,TMEM243,CCDC191,ARMCX2,FGFR1OP2,RNF31,TMEM147-AS1,KIF3C,PARLP2,FILIP1L
MAPK13,RPRM,INKA2,LINC02607,KCNK2,NCKAP1,CCT2,PARLP2,FPGS,TFE3,KIF3C,CLCN6,HUS1,CDK8,KCNK2,RNF31,RFX3-DT,TOM1L1,TNPO3,CNOT4,TCF20,TNPO3,FILIP1L,NUDT9,FOXK2,CCT2,FGFR1OP2
LRRN2,RSPO3,TTBK1,DUSP19,SAP130,RALBP1,MLLT3,TOM1L1,POLG,TTBK1,HEXIM1,BICD2,ING1,UBAP1,SAP130,RSPO3,KHDRBS3,RALBP1,CACNA1H,NUDT9,DRD1,SNTB2,FGFR1OP2,PHF23,CHIC2,NPEPPS,SRRM2-AS1
SNX16,S100B,GPR199P,HEXIM1,CTNND2,CTNND2,ORAI2,KCNK2,CCDC191,SEPTIN7-DT,CELF4,CNOT4,INKA2,APOM,CTNND2,C19orf48P,UNC5A,NUDT9,DRD1,TNPO3,TTBK1,KHDRBS3,SRRM2-AS1,TMEM123-DT,RHOT1,USP35,RALBP1
ANKRD11,SAMTOR,LRRC57,GPR199P,NPY1R,NT5C,GPR63,SAP130,DNAJB6,KIF21B,TTLL3,TOM1L1,IRF2-DT,CGGBP1,NPY1R,PHF23,KLHL1,LRRC57,ASB16-AS1,ORAI2,UBE2Q1,CBL,ZNF662,SLC5A3,TMEM147-AS1,ING1,C19orf48P
LINC00467,SAP130,POLG,PFKP,NPAS2,ARMCX2,PPP6R1,CTNND2,YY1,PRICKLE2,DCST2,ANKMY1,KCMF1,FBXO24,NPAS2,ORAI2,PIK3R2,YARS2,CMTM4,KIF3C,CMTM4,ADCY9,RALBP1,RABIF,KLHL1,MRPS6,KIF3C
LRRC57,SCN3A,TTC23-AS1,CZIB,TRIM45,CNOT4,ARG2,NPY1R,TRIM45,ARMC9,OTUD4,RN7SL832P,KCNK2,PPID,TRIM45,CCT5,CMTM4,RFX3-DT,SNTB2,TTBK1,CCT5,NHSL3,C19orf48P,IRF2-DT,SENP3,NHSL3,TNPO3
STAU1,SENP3,NHSL3,ARG2,FAM53C,LINC03072,GOLPH3,NPAS2,FAM53C,HEXIM1,PFKP,RALBP1,KHDRBS3,TTLL3,FAM53C,SAMTOR,MIOS-DT,SAMTOR,TOM1L1,DRD1,RSPO3,RAPGEF1,KIF3C,NCAM1-AS2,ATP1B3,NPY1R,RFX3-DT
RAPGEF1,SEPTIN7-DT,OTUD4,CTNND2,HTR1E,CCDC191,CACNA1H,TRIM45,HTR1E,DNAJB6,NUS1,OTUD4,KIF21B,ATP1B3,HTR1E,KIF3C,TTBK1,DUSP19,NHSL3,PARLP2,NUDT9,FAM220A,TNPO3,CNOT4,CRKL,NUDT9,ATP1B3
ELAVL1,SIMC1,USP35,ZNF280B,TOM1L1,KIF21B,TMEM243,FAM53C,TOM1L1,TMEM243,ZNF596,MED21,KIF3C,CACYBP,TOM1L1,SNTB2,SNX16,TMEM147-AS1,NCKAP1,RAPGEF1,RNF31,MSL1,RFX3-DT,DNAJB6,MRPS6,GPR199P,ST7-AS1
BLTP2,SIRT4,SENP3,NUDT9,TTC23-AS1,GPR63,ING1,HTR1E,TTC23-AS1,RALBP1,RALBP1,SMIM14-DT,KLHL1,MON1A,TTC23-AS1,UBE2Q1,RN7SL832P,ZNF662,LRRC57,CBL,PNRC2,SIRT4,ST7-AS1,PFKP,PNRC2,MSL1,EFNB2
MAFG,SLC35F3,CACYBP,NPAS2,NSMCE3,RN7SL832P,ASB16-AS1,TRAPPC6A,ARL10,NUS1,GPR63,SEPTIN7-DT,KLHL29,LRRC57,NSMCE3,TFE3,SNX27,TTC23-AS1,SENP3,CTNND2,CACNA1H,RN7SL832P,EFNB2,PARLP2,YY1,EFNB2,XPO7
UBAP1,SLC38A2,PHF23,PARLP2,ARL10,TNPO3,SAMTOR,NSMCE3,UBE2Q1,MRPS6,CACYBP,PAN3-AS1,LINC-PINT,BAG2,ARL10,ARMCX2,FPGS,CELF4,CACYBP,RNF31,SNX16,CEP76,XPO7,TCF20,POLG,LRRN2,CCT5
SLC38A2,SLC5A3,DUSP19,CACNA1H,UBE2Q1,FAM220A,CHIC2,TTC23-AS1,NCKAP1,ZNF662,S100B,H2AZ1,LINC00467,PNPLA6,UBE2Q1,NPY1R,KCMF1,UBE2Q1,PHF23,SNX16,NCKAP1,MRPS6,CEP76,YARS2,HEXIM1,CEP19,TTLL3
TBCK,SMIM14-DT,EFNB2,CELF4,NCKAP1,SAP130,CACYBP,ARL10,SRRM2-AS1,FOXK2,C19orf48P,NT5C,LINC01102,BRPF3,NCKAP1,LRRC57,POLG,FILIP1L,GPR199P,C19orf48P,KIF3C,CNOT4,NPY1R,SRRM2-AS1,FBXO24,DCST2,TOM1L1
PFKP,SNTB2,LINC02607,BRPF3,FILIP1L,CRKL,CHD3,UBE2Q1,FILIP1L,AP1M1,CTNND2,INKA2,LINC02607,ARL10,FILIP1L,CBL,ZNF662,CACNA1H,TTBK1,PRICKLE2,CZIB,TTBK1,CCT5,NIM1K,BAG2,MIRLET7IHG,ADCY9
CTNND2,SNX16,ARMCX2,SMIM14-DT,GPR63,PIP5K1C,APOM,NCKAP1,XPO7,MED21,CACNA1H,CREB3L4,LINC03072,CACNA1H,GPR63,KLHL29,YARS2,ARMCX2,ORAI2,HECA,SAMTOR,LRRC57,TTLL3,RFX3-DT,TNPO3,TMEM243,NPY1R
TOM1L1,SNX27,GNPNAT1,PRICKLE2,XPO7,TFE3,FBXO24,FILIP1L,TOP1,RFX3-DT,CCDC127,MRPS6,LOC105376654,LINC03072,XPO7,FGFR1OP2,ZMAT1,MRPS6,INKA2,FGFR1OP2,ORAI2,RABIF,TOM1L1,RN7SL832P,TFE3,LRRC57,MRPS6
CDK8,SRRM2-AS1,CSNK2A2,TRAPPC6A,TOP1,CGGBP1,SLC35F3,GPR63,CACYBP,APOM,PMPCB,AP1M1,LRRC57,BRD9,TOP1,MRPS6,RNF31,GPR63,CZIB,CZIB,SNTB2,NCAM1-AS2,ADCY9,TRIM45,IRF2-DT,CACNA1H,CMTM4
KCNK2,ST7-AS1,STAU1,MC4R,CACYBP,PHF23,CCT8,XPO7,S100B,RIC8B,CLCN6,DYNLL1,LRRN2,NHSL3,CACYBP,RFX3-DT,CCT2,PHF23,PNRC2,AHSA1,USP35,AHSA1,MRPS6,CDC6,ADCY9,INKA2,H2AZ1
FAM171A2,STAU1,FAM171A2,FOXK2,S100B,CHD3,TMEM123-DT,TOP1,PIP5K1C,USP35,TOM1L1,IRF2-DT,MAFG,TRIO,S100B,CEP76,TMEM147-AS1,BSN,PDS5A,SNTB2,PHF23,CCDC191,CMTM4,LRRN2,CTNND2,ORAI2,DUSP19
CMTM4,TBCK,RHOT1,ARHGAP19-SLIT1,PIP5K1C,POLG,ATP1B3,CACYBP,SMIM14-DT,PAN3-AS1,GOLPH3,ARG2,MAPK13,EFNB2,PIP5K1C,PNRC2,GPR199P,STAU1,SAMTOR,CCT5,C19orf48P,CCT2,KLHL29,CCDC191,UHMK1,DUSP19,ASB16-AS1
PLPBP,MBOAT7,PIK3R2,ACTN1,KIF3C,RHOT1,CDK8,S100B,ARMC9,CLCN6,DUSP19,GPR199P,MARK4,LINC00467,KIF3C,CMTM4,PARLP2,S100B,PIK3R2,NCKAP1,NPY1R,HECA,H2AZ1,MIRLET7IHG,BSN,C19orf48P,TTC23-AS1
MED21,ZNF662,CMTM4,TBCK,RSPO3,FGFR1OP2,FAM220A,ASB16-AS1,FOXK2,TTLL3,SENP3,NUS1,MAST2,RNF31,RSPO3,LRRN2,HUS1,TRIO,LINC01102,HEXIM1,SRRM2-AS1,HUS1,DUSP19,DCST2,TRIO,ARG2,CEP19
PNRC2,MAST2,YARS2,CNOT4,SMIM14-DT,PMPCB,PGBD5,ARSK,MBD1,ANKMY1,NCKAP1,ST7-AS1,MBD1,TRAPPC6A,SMIM14-DT,TCF20,C19orf48P,EFNB2,DCST2,EFNB2,NMT1,C19orf48P,ASB16-AS1,CRKL,ST7-AS1,PHF23,CSNK2A2
PGBD5,C9orf40,ACTN1,SLC35F3,MC4R,RANBP9,NT5C,PIP5K1C,MIRLET7IHG,RAPGEF1,YY1,DNAJB6,MBOAT7,MBOAT7,MC4R,CACNA1H,RABIF,CACYBP,TFE3,PIK3R2,CBL,CZIB,TTC23-AS1,UNC5A,S100B,CACYBP,MBOAT7
GID4,CACYBP,TMEM147-AS1,CRKL,POLG,ANKRD52,DYNLL1,MC4R,DCST2,MAPK13,POLG,ZNF596,MC4R,RALBP1,POLG,HEXIM1,SAP130,ACTN1,NUDT9,NMT1,POLG,RSPO3,CEP19,SAMTOR,HECA,MLLT3,TRIO
UHMK1,CBL,RABIF,NT5C,FPGS,S100B,ELAVL1,FPGS,CACNA1H,PMPCB,GID4,ARMC9,MED21,CREB3L4,FPGS,POLG,MBD1,ASB16-AS1,RABIF,KHDRBS3,LRRN2,MBD1,CSNK2A2,CDK8,LRRN2,GPR63,MAFG
MAST2,CCDC127,ADCY9,TTLL3,FGFR1OP2,SRRM2-AS1,BICD2,FGFR1OP2,DNAJC27-AS1,NT5C,EFNB2,CCT8,MIOS-DT,NSMCE3,FGFR1OP2,UHMK1,PFKP,HEXIM1,ADCY9,TFE3,FGFR1OP2,H2AZ1,MAFG,APOM,NPAS2,ASB16-AS1,PNRC2
DNAJC27-AS1,CCDC191,MAFG,MIRLET7IHG,SAMTOR,BRPF3,CCDC127,SAMTOR,PRKAB1,CHD3,NT5C,LINC01102,MIRLET7IHG,ANKRD11,SAMTOR,KHDRBS3,SLC5A3,POLG,FILIP1L,RFX3-DT,PRICKLE2,PARLP2,BAG2,CGGBP1,MBOAT7,PRICKLE2,MLLT3
RHOT1,CCT2,CCT5,TOM1L1,ZMAT1,RABIF,BSN,ZMAT1,CLCN6,ATP1B3,ARMC9,NHSL3,MLLT3,SNX16,ZMAT1,SIRT4,NUDT9,NCKAP1,CCT5,CEP76,CACYBP,LRRN2,MBOAT7,FBXO24,ORAI2,SNTB2,USP35
GPR199P,CCT5,TCF20,USP35,SLC38A2,DCST2,LINC01102,SLC38A2,CCT2,PDS5A,RNF31,TMEM243,MON1A,TBCK,SLC38A2,C9orf40,IRF2-DT,MBOAT7,MIRLET7IHG,LRRN2,TFE3,EFNB2,PNRC2,PPID,NHSL3,UBAP1,FAM220A
PAN3-AS1,CCT8,MAST2,FBXO24,XPA,TTBK1,CREB3L4,XPA,CEP76,CCT8,ORAI2,CCT2,MRPS6,SAP130,XPA,MBD1,TFE3,GPR199P,C19orf48P,LRRC57,LRRC57,TCF20,TRIO,TTLL3,TMEM243,RAPGEF1,NCKAP1
MARK4,CDC6,SNX27,CCT5,BAG2,MC4R,NPEPPS,BAG2,TNPO3,SENP3,CSNK2A2,CCDC127,MSL1,NPAS2,BAG2,ST7-AS1,KIF3C,FGFR1OP2,RNF31,ATP1B3,ST7-AS1,PNRC2,MLLT3,ATP1B3,SEPTIN7-DT,LINC02607,RANBP9
FOXK2,CDK8,LOC105376654,TMEM147-AS1,RNF31,IRF2-DT,KCMF1,RNF31,RN7SL832P,SLC35F3,PAN3-AS1,ZNF280B,NCAM1-AS2,RSPO3,RNF31,SRRM2-AS1,DRD1,SRRM2-AS1,SEPTIN7-DT,MBD1,RFX3-DT,ARHGAP19-SLIT1,USP35,CACYBP,DYNLL1,RHOT1,CACNA1H
YY1,CELF4,SIMC1,CACYBP,LINC-PINT,HEXIM1,TTLL3,LINC-PINT,MAPK13,ZNF280B,PDS5A,PMPCB,NCKAP1,ZMAT1,LINC-PINT,ZNF662,MBOAT7,MIRLET7IHG,TRIM45,CACNA1H,PIK3R2,LINC03072,FAM220A,MON1A,CSNK2A2,ZNF662,PIP5K1C
ATP1B3,CEP19,NCAM1-AS2,EFNB2,MSL1,ATP1B3,PMPCB,MSL1,ZNF280B,ARSK,XPO7,MAPK13,NHSL3,GOLPH3L,MSL1,RABIF,S100B,ATP1B3,NCAM1-AS2,RABIF,TMEM243,TFE3,NCKAP1,LRRC57,LRRC57,FAM171A2,LINC03072
BSN,CEP76,BRPF3,SAP130,HECA,SLC35F3,RIC8B,HECA,PAN3-AS1,SMIM14-DT,MC4R,CHD3,NIM1K,H2AZ1,HECA,S100B,NPEPPS,RABIF,BRPF3,NHSL3,AHSA1,ST7-AS1,TFE3,BAG2,GNPNAT1,RFX3-DT,TCF20
CZIB,CGGBP1,MON1A,HTR1E,CHIC2,RIC8B,KIF21B,CHIC2,NPEPPS,HECA,ZNF280B,APOM,NMT1,XPO7,CHIC2,NHSL3,ORAI2,NHSL3,MON1A,ZNF662,PAN3-AS1,UHMK1,KHDRBS3,BRPF3,PDS5A,ATP1B3,ORAI2
C1orf52,CHD3,MIOS-DT,SLC5A3,C1orf52,HECA,NMT1,C1orf52,LINC00467,LRRC57,NPAS2,TTLL3,NPAS2,HECA,C1orf52,ATP1B3,LINC03072,RNF31,CELF4,TCF20,DCST2,BSN,RANBP9,ARL10,NPY1R,MBD1,CNOT4
NSMCE3,CHIC2,CCDC191,FAM220A,DRD1,ARHGAP19-SLIT1,ARHGAP19-SLIT1,DRD1,APOM,MAFG,STAU1,ELAVL1,NPEPPS,TTBK1,DRD1,ARHGAP19-SLIT1,FAM220A,PDS5A,KIF3C,ST7-AS1,CEP76,TRIO,ORAI2,LINC03072,USP35,TMEM147-AS1,TFE3
TCF20,CIRBP,SRRM2-AS1,DRD1,RANBP9,KCMF1,RALBP1,RANBP9,BLTP2,ASB16-AS1,TTC23-AS1,USP35,NPY1R,NPY1R,RANBP9,USP35,RAPGEF1,DCST2,ARG2,POLG,S100B,ZNF662,CACNA1H,NHSL3,CELF4,YARS2,CACYBP
NT5C,CLCN6,HUS1,ARL10,MIRLET7IHG,CACNA1H,IRF2-DT,MIRLET7IHG,RANBP9,CCT5,PIP5K1C,RIC8B,NSMCE3,UHMK1,MIRLET7IHG,MIRLET7IHG,CEP76,USP35,SNX16,SIRT4,HEXIM1,CELF4,PIP5K1C,TRIO,INKA2,GNPNAT1,CGGBP1
C9orf40,CMTM4,CGGBP1,TCF20,BLTP2,TOP1,ZNF662,BLTP2,SENP3,TCF20,CMTM4,TMEM123-DT,NT5C,SIMC1,BLTP2,DCST2,CZIB,CEP76,CGGBP1,UHMK1,MIRLET7IHG,RFX3-DT,MSL1,EFNB2,CEP19,RANBP9,LRRN2
SRRM2-AS1,CNOT4,UBAP1,RAP1GAP2,DCST2,TMEM123-DT,AP1M1,DCST2,DRD1,MAST2,USP35,KIF21B,NTN5,NT5C,DCST2,IRF2-DT,MON1A,CCT5,KHDRBS3,FAM220A,NHSL3,IRF2-DT,LINC03072,LINC00467,PAN3-AS1,FOXK2,SNTB2
NMT1,CREB3L4,LINC03072,SNX27,CACNA1H,DRD1,PAN3-AS1,CACNA1H,RAPGEF1,ING1,SNX16,PRICKLE2,NUDT9,UBE2Q1,CACNA1H,NCKAP1,EFNB2,CCDC127,LINC03072,ARHGAP19-SLIT1,TTLL3,MBOAT7,TCF20,RNF31,SIRT4,BSN,NPEPPS
NUDT9,CRKL,TRIO,PGBD5,DNAJC27-AS1,BICD2,MAPK13,MAPK13,ANKMY1,CNOT4,ADCY9,CDK8,NUS1,GPR199P,DNAJC27-AS1,LINC03072,CCT5,TMEM243,TRIO,KCMF1,ARHGAP19-SLIT1,SNX16,HEXIM1,TRAPPC6A,PARLP2,KCMF1,ARMCX2
ASB16-AS1,CACNA1H,UHMK1,SRRM2-AS1,PRKAB1,HTR1E,ZNF280B,PMPCB,CREB3L4,SNX27,DYNLL1,PGBD5,ORAI2,SMIM14-DT,PRKAB1,BRPF3,ARMC9,NT5C,UHMK1,GPR199P,KHDRBS3,ATP1B3,CNOT4,MBOAT7,DUSP19,FBXO24,ANKMY1
RNF31,C1orf52,PPID,PNPLA6,MBD1,MON1A,MED21,POLG,PGBD5,LOC105376654,TCF20,HEXIM1,OTUD4,KCNK2,MBD1,TTC23-AS1,TCF20,TTLL3,PPID,LINC01102,SIRT4,BICD2,CACYBP,RALBP1,GPR199P,BICD2,BAG2
SIMC1,MARK4,SLC5A3,TOP1,PNRC2,YARS2,RFX3-DT,DNAJC27-AS1,CDK8,PHF23,PARLP2,SLC35F3,PAN3-AS1,ARG2,PNRC2,TMEM123-DT,FOXK2,XPO7,CCT2,IRF2-DT,UHMK1,MIRLET7IHG,CGGBP1,CREB3L4,NT5C,HTR1E,DCST2
AHSA1,C19orf48P,MBOAT7,MON1A,CCT2,NUDT9,CLCN6,MARK4,TMEM123-DT,EFNB2,SLC35F3,ARSK,PARLP2,SLC38A2,CCT2,FAM220A,CCDC191,BRPF3,MBOAT7,S100B,TTC23-AS1,NPEPPS,LRRN2,SNX16,ARG2,ANKMY1,TMEM123-DT
TRAPPC6A,AHSA1,SCN3A,C9orf40,CEP76,EFNB2,FOXK2,PRKAB1,TTLL3,CRKL,CREB3L4,PNRC2,PDS5A,DNAJC27-AS1,CEP76,H2AZ1,MSL1,H2AZ1,SCN3A,MBOAT7,RABIF,CTNND2,SNTB2,SAP130,CNOT4,PAN3-AS1,PHF23
ZNF662,ANKMY1,NIM1K,RANBP9,TNPO3,NHSL3,DNAJB6,CEP76,FBXO24,CBL,TRIM45,LINC03072,PFKP,ANKRD52,TNPO3,TRIO,PDS5A,NPAS2,NIM1K,LINC03072,ARG2,PDS5A,NPAS2,NPAS2,LINC03072,H2AZ1,MSL1
CGGBP1,ANKRD11,CDC6,ST7-AS1,KHDRBS3,H2AZ1,RAPGEF1,TNPO3,INKA2,NCAM1-AS2,NSMCE3,MAST2,PGBD5,BLTP2,KHDRBS3,GPR199P,CNOT4,DRD1,NPY1R,PDS5A,MBD1,DCST2,NPEPPS,H2AZ1,ZNF280B,SMIM14-DT,FPGS
ZNF280B,ANKRD52,TRAPPC6A,CCDC191,ZNF596,NCAM1-AS2,ANKMY1,KHDRBS3,KHDRBS3,SNTB2,LINC03072,ING1,PHF23,MBD1,ZNF596,CACYBP,TNPO3,ARHGAP19-SLIT1,TRAPPC6A,BSN,ZNF662,TOM1L1,ARMCX2,XPO7,NUDT9,CLCN6,PMPCB
NHSL3,AP1M1,ANKRD52,UBAP1,RN7SL832P,PAN3-AS1,ARMC9,ZNF596,ZNF596,BRPF3,MAST2,SNX27,PIK3R2,PIP5K1C,RN7SL832P,PIK3R2,BAG2,FAM220A,PRICKLE2,H2AZ1,ATP1B3,PRICKLE2,ANKMY1,TFE3,CACNA1H,CBL,PDS5A
PRKAB1,APOM,H2AZ1,RABIF,ST7-AS1,CACYBP,RAP1GAP2,RN7SL832P,RNF31,MON1A,APOM,LRRC57,PIP5K1C,ARHGAP19-SLIT1,ST7-AS1,PDS5A,SNTB2,RANBP9,H2AZ1,TMEM123-DT,IRF2-DT,NIM1K,DCST2,HECA,KIF21B,MED21,RABIF
SAMTOR,ARG2,SAP130,GOLPH3L,ARG2,MAPK13,NUS1,ST7-AS1,HECA,PARLP2,MED21,LOC105376654,PLPBP,RIC8B,ARG2,MBOAT7,LRRC57,IRF2-DT,SIRT4,SRRM2-AS1,XPO7,SRRM2-AS1,TMEM123-DT,CZIB,GPR63,FAM53C,NHSL3
NCKAP1,ARHGAP19-SLIT1,NPAS2,STAU1,IRF2-DT,ASB16-AS1,SMIM14-DT,ARG2,CHIC2,ADCY9,CGGBP1,EFNB2,PMPCB,TOP1,IRF2-DT,RANBP9,HECA,PMPCB,NPAS2,BRPF3,TMEM123-DT,INKA2,PHF23,DYNLL1,SMIM14-DT,MAST2,KCMF1
TRIM45,ARHGAP35,TRIM45,DYNLL1,CREB3L4,ACTN1,ST7-AS1,IRF2-DT,C1orf52,NUDT9,MBOAT7,CBL,PNPLA6,KIF3C,CREB3L4,TMEM243,ARHGAP19-SLIT1,PIP5K1C,UBE2Q1,NCAM1-AS2,RANBP9,FPGS,FPGS,ZNF662,TTC23-AS1,LOC105376654,FBXO24
KLHL29,ARL10,FAM53C,GID4,INKA2,NMT1,LINC03072,PNRC2,SLC35F3,RNF31,CHIC2,NCAM1-AS2,PNRC2,USP35,INKA2,MON1A,LRRN2,CGGBP1,RSPO3,TRIO,PIP5K1C,TMEM123-DT,RABIF,PNRC2,KCMF1,UHMK1,NUDT9
CDC6,ARMC9,HTR1E,NCKAP1,PGBD5,CCT5,CGGBP1,CREB3L4,PNRC2,STAU1,SEPTIN7-DT,SNTB2,POLG,ANKMY1,PGBD5,NCAM1-AS2,RANBP9,TCF20,HTR1E,MSL1,BRPF3,RALBP1,PMPCB,CCDC127,AHSA1,S100B,PIK3R2
LINC-PINT,ARMCX2,ARL10,YARS2,CDK8,UNC5A,HUS1,PGBD5,CCT8,MLLT3,DNAJC27-AS1,BRPF3,PPID,MSL1,CDK8,NMT1,TMEM123-DT,CMTM4,ARL10,MON1A,ANKMY1,HEXIM1,PDS5A,CCT2,CBL,STAU1,MIRLET7IHG
FBXO24,ARSK,UBE2Q1,NPEPPS,TMEM123-DT,NUS1,SRRM2-AS1,CDK8,RAP1GAP2,OTUD4,INKA2,MON1A,PPP6R1,CZIB,TMEM123-DT,RAP1GAP2,USP35,SENP3,POLG,MIRLET7IHG,CDK8,RANBP9,NHSL3,USP35,CGGBP1,PIP5K1C,LRRC57
SCN3A,ASB16-AS1,XPO7,CCT8,CZIB,BLTP2,CCDC191,TMEM123-DT,SLC38A2,PPP6R1,CBL,PARLP2,PRICKLE2,FGFR1OP2,CZIB,BSN,NCAM1-AS2,TMEM123-DT,TTC23-AS1,USP35,FAM220A,GPR199P,FBXO24,NT5C,PHF23,ADCY9,BLTP2
SENP3,ATP1B3,TOP1,CREB3L4,FBXO24,MRPS6,MIOS-DT,CZIB,CHD3,LINC02607,BRD9,ORAI2,PRKAB1,TNPO3,FBXO24,TTLL3,ZNF596,PRICKLE2,DNAJC27-AS1,TTC23-AS1,MON1A,SEPTIN7-DT,KCMF1,UBE2Q1,ACTN1,SNX27,SCN3A
FILIP1L,BAG2,S100B,SENP3,TTBK1,XPO7,MON1A,FBXO24,USP35,ARMCX2,CNOT4,C19orf48P,RABIF,HTR1E,TTBK1,PRICKLE2,BRPF3,LINC03072,CEP76,DCST2,CREB3L4,CGGBP1,NUDT9,GPR199P,SLC35F3,XPO7,KIF21B
XPA,BICD2,PIP5K1C,PHF23,TTLL3,TMEM147-AS1,BRPF3,TTBK1,RIC8B,GNPNAT1,ARG2,SRRM2-AS1,RALBP1,MED21,TTLL3,FBXO24,SIRT4,BICD2,PIP5K1C,RANBP9,LINC03072,POLG,BSN,SMIM14-DT,TTLL3,ST7-AS1,NPAS2
RANBP9,BLTP2,SMIM14-DT,ASB16-AS1,ANKMY1,TRAPPC6A,NCAM1-AS2,TTLL3,RPRM,CEP19,BAG2,TCF20,RANBP9,TOM1L1,ANKMY1,CGGBP1,INKA2,HTR1E,SMIM14-DT,XPO7,INKA2,LINC01102,BLTP2,ARG2,MIRLET7IHG,ACTN1,TRAPPC6A
KHDRBS3,BRD9,FPGS,DNAJB6,RAPGEF1,TCF20,SIMC1,ANKMY1,KIF21B,CSNK2A2,DNAJB6,CCT5,RAP1GAP2,TFE3,RAPGEF1,ARG2,CELF4,ZNF280B,FPGS,NPEPPS,FBXO24,FBXO24,PIK3R2,DNAJC27-AS1,PMPCB,MBOAT7,TMEM243
EFNB2,BRPF3,FGFR1OP2,UNC5A,MAPK13,ELAVL1,LOC105376654,RAPGEF1,NMT1,FAM171A2,IRF2-DT,ASB16-AS1,RAPGEF1,ELAVL1,MAPK13,INKA2,BSN,DYNLL1,FGFR1OP2,FPGS,KIF21B,TTC23-AS1,IRF2-DT,BLTP2,MLLT3,NPAS2,BRPF3
UBE2Q1,BSN,BAG2,FGFR1OP2,PMPCB,CCDC127,SNX27,INKA2,HEXIM1,RABIF,C1orf52,DUSP19,RFX3-DT,PLPBP,PMPCB,XPO7,UHMK1,SMIM14-DT,BAG2,CELF4,KCMF1,TRIM45,MIRLET7IHG,PIP5K1C,CCT5,CSNK2A2,CBL
MIRLET7IHG,CSNK2A2,MSL1,NUS1,PAN3-AS1,CEP76,MAST2,MBD1,KCMF1,RHOT1,SRRM2-AS1,MLLT3,RHOT1,SIRT4,PAN3-AS1,PIP5K1C,SENP3,MBD1,MSL1,PIP5K1C,TRIO,PPID,LRRC57,MBD1,CDK8,SRRM2-AS1,ZNF662
KCMF1,CTNND2,C1orf52,PMPCB,MARK4,APOM,TCF20,PAN3-AS1,KLHL29,DUSP19,GPR199P,PPP6R1,RIC8B,PAN3-AS1,MARK4,AHSA1,TRIO,CDK8,C1orf52,TMEM243,PDS5A,ARG2,SCN3A,ARHGAP19-SLIT1,CACYBP,TRIO,CCDC127
CHD3,CZIB,RANBP9,KCNK2,PLPBP,SEPTIN7-DT,CCT5,FAM220A,NUS1,PIK3R2,LRRC57,ARMCX2,RN7SL832P,SCN3A,PLPBP,MSL1,H2AZ1,PNRC2,RANBP9,CGGBP1,MBOAT7,NPAS2,KIF21B,RIC8B,SNX27,TTLL3,NCAM1-AS2
CCDC127,DCST2,BLTP2,SCN3A,ARHGAP19-SLIT1,INKA2,MAFG,RSPO3,ZNF662,CMTM4,ST7-AS1,CEP19,RNF31,KIF21B,ARHGAP19-SLIT1,KCMF1,TTC23-AS1,SLC35F3,BLTP2,INKA2,PMPCB,CACNA1H,TRAPPC6A,LINC01102,EFNB2,PMPCB,GPR63
TMEM243,HUS1,DNAJC27-AS1,NHSL3,ZNF280B,TTC23-AS1,ADCY9,PLPBP,AP1M1,GID4,PIK3R2,CSNK2A2,RPRM,LINC-PINT,ZNF280B,CELF4,CREB3L4,MON1A,HEXIM1,CACYBP,NCAM1-AS2,HTR1E,BRPF3,TOP1,SRRM2-AS1,IRF2-DT,IRF2-DT
NCAM1-AS2,ING1,MBD1,CEP76,CHD3,KHDRBS3,RABIF,ZNF280B,MED21,YARS2,ARSK,STAU1,RSPO3,POLG,CHD3,NPEPPS,PGBD5,FOXK2,MBD1,FOXK2,GPR199P,USP35,NCAM1-AS2,KIF3C,BICD2,TCF20,ARL10
POLG,INKA2,ZNF596,H2AZ1,USP35,CZIB,TMEM147-AS1,CHD3,RFX3-DT,ACTN1,UHMK1,PIK3R2,S100B,TMEM243,USP35,SENP3,CDK8,C9orf40,ZNF596,FBXO24,H2AZ1,TMEM243,TMEM243,ANKMY1,FPGS,CCT5,CDK8
PIK3R2,IRF2-DT,ST7-AS1,ZNF596,RIC8B,ARG2,ACTN1,USP35,ARHGAP19-SLIT1,TMEM147-AS1,TMEM243,MAFG,SAMTOR,ZNF596,RIC8B,CDK8,DNAJB6,TRIM45,ST7-AS1,ARG2,LINC01102,SENP3,CCDC127,MSL1,HTR1E,BAG2,CEP76
KIF21B,KCMF1,IRF2-DT,ARMCX2,RPRM,CLCN6,YARS2,RIC8B,TMEM243,ORAI2,TOP1,CMTM4,SAP130,CCT2,RPRM,GPR63,SRRM2-AS1,FBXO24,IRF2-DT,SENP3,BSN,GPR63,CBL,TNPO3,BRPF3,DYNLL1,SMIM14-DT
S100B,KCNK2,CREB3L4,KCMF1,KIF21B,HUS1,CMTM4,KIF21B,SEPTIN7-DT,C19orf48P,NUDT9,ACTN1,SCN3A,CCDC127,KIF21B,HTR1E,CCDC127,NCAM1-AS2,CREB3L4,TTLL3,SENP3,MON1A,GPR63,HTR1E,TCF20,LINC03072,KLHL29
CREB3L4,KHDRBS3,PGBD5,ANKMY1,NMT1,FOXK2,PIK3R2,NMT1,SIRT4,SRRM2-AS1,KIF21B,RABIF,SENP3,LINC01102,NMT1,FOXK2,GPR63,KHDRBS3,PGBD5,GPR63,MSL1,NCKAP1,ARL10,MED21,DCST2,NT5C,ARG2
BICD2,KIF21B,CDK8,KLHL1,PRICKLE2,PDS5A,RHOT1,PRICKLE2,PDS5A,CACYBP,ING1,NUDT9,SEPTIN7-DT,C1orf52,PRICKLE2,FPGS,NPAS2,BLTP2,CDK8,BICD2,DNAJB6,S100B,CDK8,TOM1L1,TRAPPC6A,TRIM45,PAN3-AS1
MRPS6,KIF3C,TMEM123-DT,ORAI2,HEXIM1,AP1M1,FAM171A2,HEXIM1,ATP1B3,TTC23-AS1,LOC105376654,PHF23,SIMC1,NCKAP1,HEXIM1,ANKMY1,ARG2,ST7-AS1,TMEM123-DT,CDK8,NPEPPS,CACYBP,PRICKLE2,ELAVL1,TOP1,KIF21B,HTR1E
SLC5A3,KLHL1,FBXO24,LINC03072,TMEM243,MED21,STAU1,TMEM243,FAM220A,NSMCE3,RABIF,ADCY9,SIRT4,TTC23-AS1,TMEM243,LINC01102,TMEM243,TRAPPC6A,FBXO24,CCDC127,CGGBP1,FOXK2,FOXK2,DRD1,C19orf48P,CCDC127,NIM1K
NUS1,KLHL29,TTLL3,DCST2,RALBP1,UBE2Q1,CSNK2A2,NUS1,NT5C,ARL10,CEP19,CGGBP1,SLC35F3,CLCN6,RALBP1,PAN3-AS1,BICD2,PAN3-AS1,TTLL3,NPAS2,GPR63,BRPF3,SMIM14-DT,SIRT4,CCDC127,MAFG,MON1A
FPGS,LINC-PINT,ANKMY1,UBE2Q1,NUS1,LINC00467,GNPNAT1,MRPS6,TFE3,NCKAP1,CCT8,TRIO,SLC38A2,RPRM,NUS1,BICD2,CGGBP1,ARMC9,ANKMY1,BAG2,TOP1,TTLL3,HTR1E,PAN3-AS1,PRICKLE2,TMEM123-DT,CREB3L4
FAM220A,LINC00467,RAPGEF1,NMT1,MRPS6,CREB3L4,ARMCX2,ZNF662,CELF4,FILIP1L,NCAM1-AS2,DNAJC27-AS1,SLC5A3,INKA2,MRPS6,TRIM45,SEPTIN7-DT,ZNF596,RAPGEF1,TRIM45,CELF4,ARL10,ARG2,SCN3A,CLCN6,CGGBP1,AHSA1
BRPF3,LINC01102,MAPK13,MED21,ZNF662,CMTM4,LINC02607,AP1M1,ELAVL1,GPR63,ARL10,UHMK1,SMIM14-DT,NPEPPS,ZNF662,CREB3L4,FBXO24,CREB3L4,MAPK13,HTR1E,FPGS,BAG2,PAN3-AS1,KIF21B,LINC01102,CDK8,ZNF596
ANKRD52,LINC02607,PMPCB,RIC8B,AP1M1,CDK8,UBAP1,MED21,GPR199P,XPO7,ELAVL1,TOP1,SNTB2,MAPK13,AP1M1,NPAS2,ANKMY1,APOM,PMPCB,ANKMY1,HTR1E,CCDC127,MON1A,LINC-PINT,RABIF,TOP1,TOP1
MSL1,LINC03072,PAN3-AS1,CLCN6,MED21,KLHL29,TRIO,RFX3-DT,PMPCB,TOP1,CCT5,CACYBP,SNX16,PDS5A,MED21,CCDC127,AP1M1,ARG2,PAN3-AS1,SEPTIN7-DT,MED21,TRAPPC6A,DYNLL1,POLG,MAFG,TRAPPC6A,HEXIM1
RFX3-DT,LOC105376654,ARHGAP19-SLIT1,TRIM45,RFX3-DT,NPEPPS,ZNF596,CLCN6,C9orf40,S100B,PHF23,S100B,SNX27,BICD2,RFX3-DT,SMIM14-DT,C1orf52,INKA2,ARHGAP19-SLIT1,DYNLL1,BAG2,XPO7,NIM1K,TMEM243,CHD3,BRPF3,DNAJB6
DUSP19,LRRC57,ZNF280B,KHDRBS3,CLCN6,TRIM45,UHMK1,NHSL3,BICD2,YY1,FPGS,PIP5K1C,SRRM2-AS1,MARK4,CLCN6,SEPTIN7-DT,DYNLL1,ANKMY1,ZNF280B,CREB3L4,BLTP2,DYNLL1,ZNF596,ZNF596,SNTB2,CMTM4,SIRT4
ARMC9,LRRN2,CHD3,NIM1K,NHSL3,TTLL3,MBD1,FOXK2,CCDC127,PIP5K1C,AHSA1,RSPO3,ST7-AS1,SEPTIN7-DT,NHSL3,PMPCB,PPID,PGBD5,CHD3,DNAJB6,NT5C,PIP5K1C,SIRT4,C1orf52,TMEM123-DT,FPGS,KHDRBS3
CACYBP,MAFG,RIC8B,ELAVL1,FOXK2,ZNF280B,DNAJC27-AS1,DNAJB6,BSN,RSPO3,SCN3A,POLG,STAU1,GPR63,FOXK2,BAG2,MIRLET7IHG,ARL10,RIC8B,SMIM14-DT,FOXK2,SMIM14-DT,CREB3L4,NCKAP1,MON1A,ZNF280B,GPR199P
CCT8,MAPK13,KIF21B,MSL1,DNAJB6,DNAJB6,BLTP2,RAP1GAP2,DYNLL1,MC4R,MRPS6,FPGS,TBCK,PNRC2,DNAJB6,DNAJB6,NIM1K,MSL1,KIF21B,PAN3-AS1,TRIM45,DNAJB6,AHSA1,TTC23-AS1,H2AZ1,RABIF,DNAJC27-AS1
APOM,HTR1E,NMT1,KIF21B,ARMC9,ANKMY1,RANBP9,LINC01102,RSPO3,POLG,CDK8,BAG2,TCF20,RANBP9,ARMC9,DYNLL1,DCST2,NPEPPS,NMT1,ARMC9,ZNF280B,CDK8,TOP1,CLCN6,NCAM1-AS2,CREB3L4,BICD2
PHF23,HEXIM1,RALBP1,LRRC57,RAP1GAP2,CCT8,C1orf52,ARHGAP19-SLIT1,KIF3C,FPGS,SNX27,RNF31,TFE3,SENP3,RAP1GAP2,NT5C,SCN3A,RAP1GAP2,GPR63,NT5C,RIC8B,CLCN6,GPR199P,NMT1,ASB16-AS1,SLC35F3,PPID
TTBK1,HECA,NUS1,KIF3C,KCMF1,CELF4,MSL1,ARMC9,ST7-AS1,SAMTOR,TRAPPC6A,CHIC2,TMEM123-DT,CHD3,KCMF1,KIF21B,TRIM45,DNAJC27-AS1,NUS1,PMPCB,SEPTIN7-DT,ANKMY1,DNAJB6,INKA2,CREB3L4,SCN3A,C1orf52
BRD9,FBXO24,ZNF662,MAPK13,SEPTIN7-DT,CEP19,BAG2,NPEPPS,SIMC1,ZMAT1,MIRLET7IHG,C1orf52,TMEM147-AS1,RAP1GAP2,SEPTIN7-DT,TRAPPC6A,BLTP2,CCT8,ZNF662,TRAPPC6A,CLCN6,NT5C,BICD2,NPEPPS,NUS1,DNAJB6,INKA2
SNX27,DNAJB6,AP1M1,OTUD4,FAM220A,SCN3A,FGFR1OP2,KCMF1,GOLPH3L,BAG2,CCT2,MIRLET7IHG,TMEM243,AP1M1,FAM220A,ZNF596,SMIM14-DT,TOP1,AP1M1,ZNF596,BICD2,PMPCB,DNAJC27-AS1,MAPK13,RIC8B,LINC01102,SENP3
ZMAT1,DNAJC27-AS1,MED21,MRPS6,NPEPPS,ARMC9,FPGS,LINC00467,ARG2,TOM1L1,LINC01102,BLTP2,TNPO3,FAM220A,NPEPPS,ARMC9,DNAJC27-AS1,BAG2,MED21,KIF21B,SMIM14-DT,ARMC9,C1orf52,PDS5A,ELAVL1,MON1A,APOM
CCT5,DRD1,RFX3-DT,TTC23-AS1,LINC00467,TRIO,PIP5K1C,APOM,NHSL3,HTR1E,CHD3,DCST2,TOM1L1,NUS1,LINC00467,ZNF280B,TRAPPC6A,KIF21B,RFX3-DT,NIM1K,NUS1,CREB3L4,PPID,BSN,APOM,BLTP2,BSN
RAP1GAP2,DUSP19,CLCN6,GNPNAT1,APOM,PRICKLE2,S100B,SLC35F3,LINC-PINT,FAM53C,FILIP1L,CACNA1H,TOP1,PGBD5,APOM,CLCN6,ELAVL1,FPGS,CLCN6,PPID,CCDC127,SLC35F3,LINC01102,FOXK2,DNAJB6,NUS1,NT5C
LINC03072,DYNLL1,FOXK2,FPGS,SLC35F3,C19orf48P,TOP1,SENP3,CIRBP,TRIM45,MON1A,XPO7,TRAPPC6A,C9orf40,SLC35F3,BLTP2,HTR1E,DNAJB6,FOXK2,SCN3A,DYNLL1,PAN3-AS1,INKA2,BICD2,ANKMY1,ARMCX2,CHD3
CCDC191,EFNB2,DNAJB6,C19orf48P,SENP3,PGBD5,XPO7,CCT8,ORAI2,CGGBP1,NIM1K,GPR63,TRIM45,KCMF1,SENP3,TOP1,PAN3-AS1,NMT1,DNAJB6,CLCN6,ZNF596,ZNF280B,NT5C,SEPTIN7-DT,BLTP2,PIK3R2,CLCN6
HUS1,ELAVL1,ARMC9,BAG2,CCT8,PPID,UBE2Q1,KLHL29,GID4,UBAP1,MLLT3,FILIP1L,TRIO,DRD1,CCT8,APOM,TTLL3,MAPK13,ARMC9,ARL10,NPAS2,CHD3,SENP3,GPR63,SCN3A,NCAM1-AS2,LINC01102
LOC105376654,FAM171A2,RAP1GAP2,C1orf52,KLHL29,KIF3C,ARL10,PDS5A,MARK4,LINC03072,PRICKLE2,LRRN2,TTBK1,NMT1,KLHL29,SCN3A,CLCN6,AHSA1,TOP1,ZNF280B,CHD3,KIF21B,ZNF280B,RANBP9,MED21,CHD3,SEPTIN7-DT
TTLL3,FAM220A,KCMF1,HUS1,PDS5A,MSL1,HTR1E,ATP1B3,ANKRD11,TRIO,RIC8B,PPID,TTC23-AS1,PMPCB,PDS5A,ARL10,APOM,KCMF1,KCMF1,APOM,TRAPPC6A,APOM,APOM,SENP3,ZNF596,ARMC9,FOXK2
SNTB2,FAM53C,FAM220A,BLTP2,ATP1B3,C9orf40,FAM53C,NT5C,TTBK1,UHMK1,BLTP2,MBOAT7,TTLL3,CEP76,ATP1B3,SLC35F3,KIF21B,C1orf52,FAM220A,BLTP2,SLC35F3,RIC8B,CLCN6,CHD3,ARMCX2,ZNF596,PRICKLE2
ADCY9,FGFR1OP2,NPEPPS,MLLT3,NT5C,RAP1GAP2,TRIM45,DYNLL1,BAG2,PPID,SNTB2,SNX16,UBAP1,ZNF662,NT5C,NIM1K,NT5C,SEPTIN7-DT,NPEPPS,TOP1,C1orf52,BLTP2,CHD3,AP1M1,MAPK13,ELAVL1,NUS1
CEP76,H2AZ1,APOM,PIK3R2,DYNLL1,GOLPH3L,NPAS2,TFE3,NPAS2,MBOAT7,MAPK13,SCN3A,UBE2Q1,ZNF280B,DYNLL1,NUS1,NUS1,NUS1,APOM,SLC35F3,SCN3A,TOP1,CELF4,NUS1,ARL10,APOM,RIC8B
PDS5A,FILIP1L,SLC35F3,CBL,TFE3,MBD1,SAP130,CELF4,LINC01102,SNX16,BRPF3,BRD9,UHMK1,BSN,TFE3,PGBD5,CACYBP,SCN3A,SLC35F3,PGBD5,ELAVL1,AP1M1,SEPTIN7-DT,FAM220A,ARMC9,C1orf52,MED21
C19orf48P,FOXK2,CCT8,CGGBP1,CELF4,SAMTOR,H2AZ1,SIRT4,TBCK,SCN3A,PNRC2,NIM1K,UNC5A,KLHL29,CELF4,PPID,ZNF280B,PIK3R2,CCT8,NUS1,MAPK13,MAPK13,MED21,PGBD5,CMTM4,RIC8B,PGBD5
ORAI2,FPGS,ATP1B3,SNTB2,SIRT4,PIK3R2,ANKRD52,ELAVL1,CZIB,BRD9,ASB16-AS1,TRAPPC6A,USP35,DYNLL1,SIRT4,DNAJC27-AS1,MED21,CHD3,ATP1B3,DNAJC27-AS1,ARMC9,ELAVL1,NUS1,CEP76,TRIM45,AP1M1,ELAVL1
CIRBP,GID4,NT5C,GPR63,ELAVL1,C1orf52,TRAPPC6A,GPR199P,PLPBP,NIM1K,TMEM123-DT,NCKAP1,XPA,PRICKLE2,ELAVL1,CHD3,ARL10,RIC8B,NT5C,AP1M1,APOM,PGBD5,ELAVL1,KHDRBS3,CCT8,PGBD5,DYNLL1
PRICKLE2,GNPNAT1,DYNLL1,CMTM4,GPR199P,DUSP19,CDC6,C9orf40,KLHL1,LRRN2,AP1M1,CTNND2,XPO7,FOXK2,GPR199P,RIC8B,CHD3,CLCN6,DYNLL1,CHD3,DNAJC27-AS1,C1orf52,SLC35F3,PMPCB,NIM1K,MAPK13,AP1M1
ARSK,GOLPH3,ELAVL1,PPID,C9orf40,SMIM14-DT,NIM1K,BICD2,MSL1,TRAPPC6A,LRRN2,NPY1R,YARS2,KHDRBS3,C9orf40,MED21,TOP1,LINC01102,ELAVL1,C1orf52,PGBD5,CCT8,PGBD5,ZNF280B,AP1M1,AHSA1,MAPK13
CHIC2,GOLPH3L,BICD2,NCAM1-AS2,BICD2,FBXO24,SCN3A,CCDC127,IRF2-DT,H2AZ1,MAFG,NPAS2,YY1,SLC35F3,BICD2,AP1M1,SLC35F3,MED21,BICD2,MED21,AP1M1,DNAJC27-AS1,RIC8B,PRICKLE2,C1orf52,ARL10,CELF4
HECA,GPR199P,CCDC127,CHD3,CCDC127,DNAJC27-AS1,MBOAT7,BSN,KCNK2,CTNND2,NPY1R,TRIM45,ZMAT1,HEXIM1,CCDC127,C1orf52,PMPCB,ELAVL1,CCDC127,RIC8B,NIM1K,SCN3A,MAPK13,CELF4,PGBD5,DNAJC27-AS1,ZNF280B
XPO7,GPR63,BSN,SAMTOR,BSN,ZNF596,SLC5A3,SEPTIN7-DT,GOLPH3,NPY1R,PGBD5,FAM53C,ZNF280B,CELF4,BSN,MAPK13,RIC8B,AP1M1,BSN,MAPK13,ARL10,ZNF596,AP1M1,SLC35F3,PIK3R2,NIM1K,CCT8
HEXIM1,TTC23-AS1,LINC01102,APOM,LINC01102,ARL10,PPID,SMIM14-DT,FAM171A2,NPAS2,ARMCX2,ARL10,ZNF596,ARMC9,LINC01102,CCT8,CCT8,NIM1K,S100B,ELAVL1,PPID,NUS1,ARMC9,CCT8,PPID,CCT8,ARMC9
SIRT4,MBD1,AHSA1,DNAJC27-AS1,AHSA1,NIM1K,AHSA1,KLHL1,CBL,AHSA1,PPID,AHSA1,ZNF662,CCT8,AHSA1,ELAVL1,MAPK13,PPID,XPO7,CCT8,CCT8,MED21,CCT8,ARMC9,DNAJC27-AS1,PPID,SLC35F3
